timestamp,name,email,message
2025-12-02T19:40:38,Zander Gross,zander.gross1@gmail.com,teeth opain
2025-12-02T21:47:22,JEssica,zanderleegross@gmail.com,pain
2025-12-03T18:45:36,Bob Gross,gross.bobgmail.com,need them for a month and I can get a little more money if I have to leave my office now and I'll get the information
2025-12-03T20:20:53,Zander,klsdajf;lkasjd,jfdsakl;fjs;alkdfasdkf
2025-12-04T18:41:09,Zander,fkasodnflkjasdn,sdajfknasdljkfnasdfasdfasdfa
2025-12-04T22:04:57,Zander,grossjessbobbgmail.com,"tooth pain, want to discus options..."
2025-12-04T22:17:00,Zander],blocky boy 47,I got some spritz it not spritz it good rubout on your body just like should
2025-12-05T12:22:04,Zander Gross,fdlskajfslkfj,alsdkfjaslkdjfhlkas;jdflkasjdf
2025-12-05T21:40:24,zanderrrrr,zanderrrrrrr@gmauil,dsflkjahslkfdjhsajlkhfdljaksdhfljkasdhfljkhasdkjfhajklsdfhljkasdhfljksadhlfjkhasjdkf
